{"beach-cycling-bicycle-cycle-sport-vehicle-road-cycling-1604280-pxhere.com.jpg14964":{"fileref":"","size":14964,"filename":"beach-cycling-bicycle-cycle-sport-vehicle-road-cycling-1604280-pxhere.com.jpg","base64_img_data":"","file_attributes":{},"regions":{"0":{"shape_attributes":{"name":"polygon","all_points_x":[34,40,43,44,43,38,34,30,27,27,28,29,31,34],"all_points_y":[102,103,104,102,98,95,94,96,99,101,101,101,101,102]},"region_attributes":{"objetos":"casco"}},"1":{"shape_attributes":{"name":"polygon","all_points_x":[81,84,86,87,86,84,81,78,76,76,77,81],"all_points_y":[99,101,101,100,96,95,94,95,98,100,101,99]},"region_attributes":{"objetos":"casco"}},"2":{"shape_attributes":{"name":"polygon","all_points_x":[133,138,141,142,141,139,136,133,130,129,130,132,133],"all_points_y":[93,94,96,95,92,90,88,89,90,92,94,95,93]},"region_attributes":{"objetos":"casco"}},"3":{"shape_attributes":{"name":"polygon","all_points_x":[175,183,186,185,184,182,178,175,172,170,169,170,171,175],"all_points_y":[93,95,94,90,88,87,86,87,89,92,94,95,95,93]},"region_attributes":{"objetos":"casco"}}}},"bicycle-bike-male-cyclist-vehicle-professional-683456-pxhere.com.jpg54696":{"fileref":"","size":54696,"filename":"bicycle-bike-male-cyclist-vehicle-professional-683456-pxhere.com.jpg","base64_img_data":"","file_attributes":{},"regions":{"0":{"shape_attributes":{"name":"polygon","all_points_x":[81,85,91,95,97,96,86,82,70,64,54,42,34,28,24,25,30,31,42,51,63,66,61,66,68,81],"all_points_y":[169,155,151,150,148,141,138,138,125,127,135,144,155,167,181,202,216,225,234,239,240,232,226,211,186,169]},"region_attributes":{"objetos":"casco"}}}},"bicycle-bike-male-recreation-vehicle-healthy-916809-pxhere.com.jpg25728":{"fileref":"","size":25728,"filename":"bicycle-bike-male-recreation-vehicle-healthy-916809-pxhere.com.jpg","base64_img_data":"","file_attributes":{},"regions":{"0":{"shape_attributes":{"name":"polygon","all_points_x":[152,156,164,165,161,158,155,149,141,136,132,131,132,136,139,151,151,152],"all_points_y":[26,21,18,12,8,7,4,6,10,15,20,27,33,38,38,29,29,26]},"region_attributes":{"objetos":"casco"}}}},"bicycle-bike-vehicle-action-training-ride-767136-pxhere.com.jpg41640":{"fileref":"","size":41640,"filename":"bicycle-bike-vehicle-action-training-ride-767136-pxhere.com.jpg","base64_img_data":"","file_attributes":{},"regions":{"0":{"shape_attributes":{"name":"polygon","all_points_x":[263,274,288,292,292,292,290,292,284,268,255,247,241,239,238,240,261,262,263],"all_points_y":[83,79,80,73,69,59,58,52,50,50,52,57,63,70,76,79,82,82,83]},"region_attributes":{"objetos":"casco"}},"1":{"shape_attributes":{"name":"polygon","all_points_x":[160,169,174,173,173,174,179,180,178,180,172,163,155,147,141,141,142,143,146,151,158,160],"all_points_y":[44,45,50,51,51,52,45,39,37,34,29,27,27,29,32,35,37,38,40,41,42,44]},"region_attributes":{"objetos":"casco"}},"2":{"shape_attributes":{"name":"polygon","all_points_x":[120,123,129,129,129,126,122,114,110,106,104,107,110,114,120],"all_points_y":[17,17,17,11,6,5,3,3,4,8,12,13,15,16,17]},"region_attributes":{"objetos":"casco"}}}},"bicycle-cyclist-vehicle-sports-equipment-mountain-bike-bike-race-68020-pxhere.com.jpg30372":{"fileref":"","size":30372,"filename":"bicycle-cyclist-vehicle-sports-equipment-mountain-bike-bike-race-68020-pxhere.com.jpg","base64_img_data":"","file_attributes":{},"regions":{"0":{"shape_attributes":{"name":"polygon","all_points_x":[135,143,145,148,147,145,139,133,127,124,122,123,126,133,135],"all_points_y":[40,39,36,34,28,24,21,21,24,27,33,37,41,41,40]},"region_attributes":{"objetos":"casco"}},"1":{"shape_attributes":{"name":"polygon","all_points_x":[178,183,187,189,186,181,175,169,166,164,164,164,168,174,178],"all_points_y":[45,43,41,36,33,29,30,33,36,39,43,46,49,48,45]},"region_attributes":{"objetos":"casco"}},"2":{"shape_attributes":{"name":"polygon","all_points_x":[222,227,231,232,230,224,218,213,211,210,210,213,219,222],"all_points_y":[55,55,51,48,43,40,39,41,44,48,52,55,56,55]},"region_attributes":{"objetos":"casco"}},"3":{"shape_attributes":{"name":"polygon","all_points_x":[251,254,253,249,244,239,237,239,239,243,244,246,250,251],"all_points_y":[62,59,54,51,50,51,53,55,55,57,61,64,64,62]},"region_attributes":{"objetos":"casco"}}}},"bicycle-france-vehicle-sports-equipment-mountain-bike-cycling-639602-pxhere.com.jpg46467":{"fileref":"","size":46467,"filename":"bicycle-france-vehicle-sports-equipment-mountain-bike-cycling-639602-pxhere.com.jpg","base64_img_data":"","file_attributes":{},"regions":{"0":{"shape_attributes":{"name":"polygon","all_points_x":[245,266,258,242,215,198,179,165,154,147,148,155,168,179,199,226,245],"all_points_y":[76,67,38,18,9,7,11,20,31,51,73,83,78,82,78,76,76]},"region_attributes":{"objetos":"casco"}}}},"bicycle-helmet-helmet-bicycle-clothing-bicycles-equipment-and-supplies-cycling-personal-protective-equipment-1612511-pxhere.com.jpg38405":{"fileref":"","size":38405,"filename":"bicycle-helmet-helmet-bicycle-clothing-bicycles-equipment-and-supplies-cycling-personal-protective-equipment-1612511-pxhere.com.jpg","base64_img_data":"","file_attributes":{},"regions":{"0":{"shape_attributes":{"name":"polygon","all_points_x":[176,194,201,200,188,182,164,145,134,125,114,110,107,101,98,93,93,96,104,111,123,137,143,176],"all_points_y":[86,79,65,48,24,17,8,4,2,4,1,9,14,20,26,37,48,58,60,68,76,80,79,86]},"region_attributes":{"objetos":"casco"}}}},"bicycle-recreation-vehicle-sports-equipment-cycling-race-1404515-pxhere.com.jpg33127":{"fileref":"","size":33127,"filename":"bicycle-recreation-vehicle-sports-equipment-cycling-race-1404515-pxhere.com.jpg","base64_img_data":"","file_attributes":{},"regions":{"0":{"shape_attributes":{"name":"polygon","all_points_x":[201,208,214,217,214,207,198,190,185,184,185,188,193,201],"all_points_y":[45,44,40,34,26,22,22,24,29,36,42,44,46,45]},"region_attributes":{"objetos":"casco"}},"1":{"shape_attributes":{"name":"polygon","all_points_x":[138,145,150,152,150,146,138,132,127,126,125,127,132,136,138],"all_points_y":[62,62,59,53,46,40,39,40,45,48,54,59,61,62,62]},"region_attributes":{"objetos":"casco"}},"2":{"shape_attributes":{"name":"polygon","all_points_x":[111,108,105,104,106,110,114,118,122,122,119,116,114,111],"all_points_y":[66,68,66,61,57,54,54,54,56,58,61,64,66,66]},"region_attributes":{"objetos":"casco"}},"3":{"shape_attributes":{"name":"polygon","all_points_x":[94,90,89,89,90,94,97,101,103,104,105,103,98,95,94],"all_points_y":[75,75,70,65,62,60,59,59,60,63,67,69,71,73,75]},"region_attributes":{"objetos":"casco"}}}},"bicycle-vehicle-people-mode-of-transport-transport-cycling-1519515-pxhere.com.jpg23617":{"fileref":"","size":23617,"filename":"bicycle-vehicle-people-mode-of-transport-transport-cycling-1519515-pxhere.com.jpg","base64_img_data":"","file_attributes":{},"regions":{"0":{"shape_attributes":{"name":"polygon","all_points_x":[109,118,124,127,128,124,119,113,106,101,102,102,102,105,109],"all_points_y":[46,45,40,39,36,31,30,30,33,37,41,43,45,45,46]},"region_attributes":{"objetos":"casco"}}}},"blur-sport-bicycle-bike-vehicle-exercise-641622-pxhere.com.jpg21226":{"fileref":"","size":21226,"filename":"blur-sport-bicycle-bike-vehicle-exercise-641622-pxhere.com.jpg","base64_img_data":"","file_attributes":{},"regions":{"0":{"shape_attributes":{"name":"polygon","all_points_x":[140,144,149,153,154,151,144,137,132,131,129,130,133,136,139,140],"all_points_y":[67,70,71,71,66,60,57,56,57,60,64,67,68,69,68,67]},"region_attributes":{"objetos":"casco"}}}},"cycling-bicycle-road-cycling-vehicle-endurance-sports-recreation-1512589-pxhere.com.jpg19847":{"fileref":"","size":19847,"filename":"cycling-bicycle-road-cycling-vehicle-endurance-sports-recreation-1512589-pxhere.com.jpg","base64_img_data":"","file_attributes":{},"regions":{"0":{"shape_attributes":{"name":"polygon","all_points_x":[148,153,160,167,172,172,172,168,160,155,151,148,146,145,144,146,148],"all_points_y":[72,73,71,65,60,53,46,46,46,47,51,54,58,62,67,70,72]},"region_attributes":{"objetos":"casco"}},"1":{"shape_attributes":{"name":"polygon","all_points_x":[85,90,95,99,101,99,97,92,86,80,77,72,70,70,71,74,77,80,85],"all_points_y":[55,57,57,56,55,50,46,41,37,35,36,37,40,45,50,52,51,53,55]},"region_attributes":{"objetos":"casco"}}}},"forest-helmet-bicycle-man-sports-mountain-1426467-pxhere.com.jpg48185":{"fileref":"","size":48185,"filename":"forest-helmet-bicycle-man-sports-mountain-1426467-pxhere.com.jpg","base64_img_data":"","file_attributes":{},"regions":{"0":{"shape_attributes":{"name":"polygon","all_points_x":[129,135,141,142,139,134,129,124,119,117,116,119,121,124,127,129],"all_points_y":[38,39,43,39,33,31,31,32,35,38,43,45,44,41,40,38]},"region_attributes":{"objetos":"casco"}}}},"forest-sport-bicycle-bike-vehicle-extreme-sport-58712-pxhere.com.jpg45547":{"fileref":"","size":45547,"filename":"forest-sport-bicycle-bike-vehicle-extreme-sport-58712-pxhere.com.jpg","base64_img_data":"","file_attributes":{},"regions":{"0":{"shape_attributes":{"name":"polygon","all_points_x":[168,175,178,178,178,175,170,166,162,160,159,158,158,159,161,163,167,168],"all_points_y":[36,34,32,26,21,19,19,19,21,23,27,30,32,35,36,37,37,36]},"region_attributes":{"objetos":"casco"}}}},"landscape-mountain-desert-adventure-bicycle-recreation-658729-pxhere.com.jpg33544":{"fileref":"","size":33544,"filename":"landscape-mountain-desert-adventure-bicycle-recreation-658729-pxhere.com.jpg","base64_img_data":"","file_attributes":{},"regions":{"0":{"shape_attributes":{"name":"polygon","all_points_x":[131,136,136,136,134,131,128,126,124,124,125,127,131],"all_points_y":[101,101,100,97,96,95,95,96,98,100,101,101,101]},"region_attributes":{"objetos":"casco"}},"1":{"shape_attributes":{"name":"polygon","all_points_x":[202,205,208,208,206,203,199,195,194,193,194,196,200,202],"all_points_y":[118,117,113,109,108,106,107,108,111,115,117,118,118,118]},"region_attributes":{"objetos":"casco"}},"2":{"shape_attributes":{"name":"polygon","all_points_x":[258,259,260,259,256,252,250,250,251,254,256,258],"all_points_y":[107,106,105,102,101,102,104,106,108,108,108,107]},"region_attributes":{"objetos":"casco"}},"3":{"shape_attributes":{"name":"polygon","all_points_x":[203,206,206,204,201,199,198,197,198,201,203],"all_points_y":[105,103,102,100,100,100,102,104,105,105,105]},"region_attributes":{"objetos":"casco"}}}},"landscape-nature-horizon-mountain-sky-trail-565803-pxhere.com.jpg31791":{"fileref":"","size":31791,"filename":"landscape-nature-horizon-mountain-sky-trail-565803-pxhere.com.jpg","base64_img_data":"","file_attributes":{},"regions":{"0":{"shape_attributes":{"name":"polygon","all_points_x":[213,219,223,227,228,223,218,214,209,203,197,196,198,202,205,209,211,213],"all_points_y":[16,18,26,20,15,10,8,6,7,9,11,14,16,17,15,14,16,16]},"region_attributes":{"objetos":"casco"}}}},"landscape-nature-outdoor-mountain-people-sport-568724-pxhere.com.jpg68271":{"fileref":"","size":68271,"filename":"landscape-nature-outdoor-mountain-people-sport-568724-pxhere.com.jpg","base64_img_data":"","file_attributes":{},"regions":{"0":{"shape_attributes":{"name":"polygon","all_points_x":[254,261,264,267,270,269,263,256,250,244,241,240,241,244,248,254],"all_points_y":[256,253,253,251,244,236,230,228,230,236,240,246,252,255,256,256]},"region_attributes":{"objetos":"casco"}},"1":{"shape_attributes":{"name":"polygon","all_points_x":[155,163,168,170,172,174,174,172,170,165,158,151,146,143,142,142,146,150,155],"all_points_y":[238,237,236,234,233,231,226,222,217,215,216,218,221,225,231,236,238,238,238]},"region_attributes":{"objetos":"casco"}},"2":{"shape_attributes":{"name":"polygon","all_points_x":[90,98,102,104,104,103,100,94,88,86,81,75,72,71,71,74,78,86,90],"all_points_y":[230,227,225,222,216,210,204,200,198,197,201,204,210,215,222,227,230,231,230]},"region_attributes":{"objetos":"casco"}}}},"landscape-nature-outdoor-mountain-sport-hill-568725-pxhere.com.jpg67765":{"fileref":"","size":67765,"filename":"landscape-nature-outdoor-mountain-sport-hill-568725-pxhere.com.jpg","base64_img_data":"","file_attributes":{},"regions":{"0":{"shape_attributes":{"name":"polygon","all_points_x":[264,270,273,276,277,274,269,263,258,254,254,255,260,264],"all_points_y":[263,264,263,260,255,249,247,247,249,254,260,263,264,263]},"region_attributes":{"objetos":"casco"}},"1":{"shape_attributes":{"name":"polygon","all_points_x":[214,219,223,227,228,228,222,219,212,207,204,204,208,210,214],"all_points_y":[265,264,263,260,255,249,245,242,245,250,255,260,264,265,265]},"region_attributes":{"objetos":"casco"}},"2":{"shape_attributes":{"name":"polygon","all_points_x":[168,175,178,180,180,178,173,168,164,158,155,153,155,158,164,168],"all_points_y":[255,254,253,250,246,242,240,240,241,243,247,251,256,258,256,255]},"region_attributes":{"objetos":"casco"}},"3":{"shape_attributes":{"name":"polygon","all_points_x":[132,136,142,144,142,140,136,133,130,126,123,120,118,119,121,125,129,132],"all_points_y":[269,267,262,258,253,251,248,247,249,250,253,256,260,265,268,270,270,269]},"region_attributes":{"objetos":"casco"}},"4":{"shape_attributes":{"name":"polygon","all_points_x":[56,62,66,69,67,62,56,50,44,43,44,47,52,56],"all_points_y":[252,252,250,245,239,236,234,236,240,245,249,252,253,252]},"region_attributes":{"objetos":"casco"}}}},"landscape-nature-outdoor-sport-bicycle-bike-565438-pxhere.com (1).jpg58895":{"fileref":"","size":58895,"filename":"landscape-nature-outdoor-sport-bicycle-bike-565438-pxhere.com (1).jpg","base64_img_data":"","file_attributes":{},"regions":{"0":{"shape_attributes":{"name":"polygon","all_points_x":[128,139,145,146,145,142,136,128,121,113,107,104,98,96,95,98,100,102,104,108,110,121,128],"all_points_y":[147,147,144,138,129,122,116,111,110,111,113,117,124,127,132,140,146,147,144,146,148,146,147]},"region_attributes":{"objetos":"casco"}}}},"man-bicycle-male-guy-cyclist-vehicle-1392437-pxhere.com.jpg107086":{"fileref":"","size":107086,"filename":"man-bicycle-male-guy-cyclist-vehicle-1392437-pxhere.com.jpg","base64_img_data":"","file_attributes":{},"regions":{"0":{"shape_attributes":{"name":"polygon","all_points_x":[166,170,172,170,168,163,159,154,151,151,151,154,158,162,166],"all_points_y":[68,69,66,61,58,56,57,59,63,67,70,71,69,68,68]},"region_attributes":{"objetos":"casco"}},"1":{"shape_attributes":{"name":"polygon","all_points_x":[316,313,309,310,313,318,319,319,319,320,319,316],"all_points_y":[39,38,37,32,27,24,23,26,31,36,42,39]},"region_attributes":{"objetos":"casco"}}}},"man-boy-bicycle-bike-vehicle-balance-1088522-pxhere.com.jpg31644":{"fileref":"","size":31644,"filename":"man-boy-bicycle-bike-vehicle-balance-1088522-pxhere.com.jpg","base64_img_data":"","file_attributes":{},"regions":{"0":{"shape_attributes":{"name":"polygon","all_points_x":[147,157,160,161,161,158,153,147,137,131,126,121,120,121,123,127,132,135,139,143,147],"all_points_y":[32,30,29,22,17,10,6,4,5,7,10,15,22,25,28,30,29,31,34,33,32]},"region_attributes":{"objetos":"casco"}}}},"man-landscape-outdoor-sport-hill-bicycle-565429-pxhere.com.jpg62971":{"fileref":"","size":62971,"filename":"man-landscape-outdoor-sport-hill-bicycle-565429-pxhere.com.jpg","base64_img_data":"","file_attributes":{},"regions":{"0":{"shape_attributes":{"name":"polygon","all_points_x":[131,142,150,156,157,156,150,142,132,124,116,109,104,101,102,105,112,120,126,131],"all_points_y":[136,136,131,124,116,104,94,88,83,86,86,93,101,111,120,125,127,132,134,136]},"region_attributes":{"objetos":"casco"}}}},"man-nature-outdoor-mountain-trail-sport-840955-pxhere.com.jpg34378":{"fileref":"","size":34378,"filename":"man-nature-outdoor-mountain-trail-sport-840955-pxhere.com.jpg","base64_img_data":"","file_attributes":{},"regions":{"0":{"shape_attributes":{"name":"polygon","all_points_x":[196,200,204,210,215,218,221,221,219,212,204,201,197,195,194,192,192,195,196],"all_points_y":[74,73,70,69,67,63,59,52,49,49,52,54,58,63,67,70,73,75,74]},"region_attributes":{"objetos":"casco"}}}},"man-outdoor-person-people-road-sport-933374-pxhere.com.jpg38599":{"fileref":"","size":38599,"filename":"man-outdoor-person-people-road-sport-933374-pxhere.com.jpg","base64_img_data":"","file_attributes":{},"regions":{"0":{"shape_attributes":{"name":"polygon","all_points_x":[219,236,242,249,244,239,232,224,217,212,205,201,199,196,192,191,193,202,209,216,219],"all_points_y":[33,30,28,19,6,2,1,0,2,3,7,10,16,21,27,32,35,35,36,34,33]},"region_attributes":{"objetos":"casco"}},"1":{"shape_attributes":{"name":"polygon","all_points_x":[173,180,187,193,195,198,196,189,185,183,173,169,163,159,158,155,156,157,161,166,173],"all_points_y":[36,34,32,28,23,16,10,4,1,1,1,3,7,12,16,19,26,31,33,35,36]},"region_attributes":{"objetos":"casco"}},"2":{"shape_attributes":{"name":"polygon","all_points_x":[96,107,108,112,110,106,99,92,85,81,78,78,79,80,85,91,96],"all_points_y":[45,39,34,31,25,18,16,16,18,22,27,33,39,44,46,46,45]},"region_attributes":{"objetos":"casco"}},"3":{"shape_attributes":{"name":"polygon","all_points_x":[73,79,80,78,79,81,77,71,66,63,61,63,65,70,73],"all_points_y":[44,42,39,34,28,24,22,23,27,31,35,41,44,44,44]},"region_attributes":{"objetos":"casco"}}}},"man-outdoor-person-people-road-sport-1092255-pxhere.com.jpg25558":{"fileref":"","size":25558,"filename":"man-outdoor-person-people-road-sport-1092255-pxhere.com.jpg","base64_img_data":"","file_attributes":{},"regions":{"0":{"shape_attributes":{"name":"polygon","all_points_x":[95,98,100,99,94,87,81,77,74,73,73,77,81,87,92,95],"all_points_y":[42,40,35,29,23,20,19,22,25,29,34,37,39,41,42,42]},"region_attributes":{"objetos":"casco"}}}},"man-outdoor-person-people-road-sport-1092261-pxhere.com.jpg27750":{"fileref":"","size":27750,"filename":"man-outdoor-person-people-road-sport-1092261-pxhere.com.jpg","base64_img_data":"","file_attributes":{},"regions":{"0":{"shape_attributes":{"name":"polygon","all_points_x":[87,95,99,105,106,107,107,103,96,90,86,84,83,82,85,87],"all_points_y":[55,59,58,63,62,58,54,48,46,44,45,49,53,55,56,55]},"region_attributes":{"objetos":"casco"}}}},"man-outdoor-sport-street-bicycle-male-1380355-pxhere.com.jpg42281":{"fileref":"","size":42281,"filename":"man-outdoor-sport-street-bicycle-male-1380355-pxhere.com.jpg","base64_img_data":"","file_attributes":{},"regions":{"0":{"shape_attributes":{"name":"polygon","all_points_x":[175,182,188,194,197,197,194,187,178,171,166,166,167,170,175,175],"all_points_y":[57,58,58,57,57,49,44,40,40,43,45,49,55,60,59,57]},"region_attributes":{"objetos":"casco"}}}},"man-people-bicycle-cyclist-clothing-sports-equipment-867237-pxhere.com.jpg43378":{"fileref":"","size":43378,"filename":"man-people-bicycle-cyclist-clothing-sports-equipment-867237-pxhere.com.jpg","base64_img_data":"","file_attributes":{},"regions":{"0":{"shape_attributes":{"name":"polygon","all_points_x":[92,104,129,187,219,238,252,266,276,275,267,257,240,206,173,146,90,74,57,46,38,34,32,34,40,53,69,82,92],"all_points_y":[171,170,176,161,158,147,135,140,122,98,89,44,23,11,6,4,22,35,55,74,91,108,121,143,161,174,179,178,171]},"region_attributes":{"objetos":"casco"}}}},"man-people-bicycle-motion-cyclist-vehicle-618797-pxhere.com.jpg59287":{"fileref":"","size":59287,"filename":"man-people-bicycle-motion-cyclist-vehicle-618797-pxhere.com.jpg","base64_img_data":"","file_attributes":{},"regions":{"0":{"shape_attributes":{"name":"polygon","all_points_x":[145,164,183,192,192,188,175,161,148,137,127,123,118,113,109,110,113,120,132,141,145],"all_points_y":[93,91,87,78,61,46,34,31,30,34,36,44,48,57,66,81,89,92,92,94,93]},"region_attributes":{"objetos":"casco"}}}},"man-people-cyclist-clothing-sports-equipment-cycling-867268-pxhere.com.jpg60036":{"fileref":"","size":60036,"filename":"man-people-cyclist-clothing-sports-equipment-cycling-867268-pxhere.com.jpg","base64_img_data":"","file_attributes":{},"regions":{"0":{"shape_attributes":{"name":"polygon","all_points_x":[209,219,242,274,287,286,279,274,259,247,226,219,197,171,164,142,114,96,67,44,33,16,13,12,28,38,40,52,67,84,106,170,197,209],"all_points_y":[175,175,178,162,143,122,110,77,54,46,27,25,12,7,8,2,6,12,26,44,56,80,110,156,194,190,183,190,197,196,190,191,178,175]},"region_attributes":{"objetos":"casco"}}}},"man-people-cyclist-cycling-sports-helmet-553241-pxhere.com.jpg35607":{"fileref":"","size":35607,"filename":"man-people-cyclist-cycling-sports-helmet-553241-pxhere.com.jpg","base64_img_data":"","file_attributes":{},"regions":{"0":{"shape_attributes":{"name":"polygon","all_points_x":[130,162,191,207,227,237,246,246,256,264,266,256,246,215,192,171,143,121,104,93,92,96,105,108,114,123,130],"all_points_y":[75,74,84,90,88,89,102,120,121,107,85,56,38,12,7,5,10,22,36,53,73,91,101,95,80,75,75]},"region_attributes":{"objetos":"casco"}}}},"man-person-sport-wheel-bicycle-bike-1169780-pxhere.com.jpg43671":{"fileref":"","size":43671,"filename":"man-person-sport-wheel-bicycle-bike-1169780-pxhere.com.jpg","base64_img_data":"","file_attributes":{},"regions":{"0":{"shape_attributes":{"name":"polygon","all_points_x":[83,89,94,98,99,93,89,83,76,73,73,77,80,82,85,82,82,83],"all_points_y":[50,41,38,38,36,29,29,32,38,45,53,59,62,63,61,56,52,50]},"region_attributes":{"objetos":"casco"}}}},"man-road-sport-bicycle-recreation-motion-1380346-pxhere.com.jpg36022":{"fileref":"","size":36022,"filename":"man-road-sport-bicycle-recreation-motion-1380346-pxhere.com.jpg","base64_img_data":"","file_attributes":{},"regions":{"0":{"shape_attributes":{"name":"polygon","all_points_x":[185,192,195,197,202,205,204,199,194,188,181,177,177,179,183,185],"all_points_y":[50,50,50,54,50,42,35,32,31,31,35,41,46,50,51,50]},"region_attributes":{"objetos":"casco"}}}},"man-sport-bicycle-cyclist-vehicle-extreme-958269-pxhere.com.jpg78978":{"fileref":"","size":78978,"filename":"man-sport-bicycle-cyclist-vehicle-extreme-958269-pxhere.com.jpg","base64_img_data":"","file_attributes":{},"regions":{"0":{"shape_attributes":{"name":"polygon","all_points_x":[190,202,209,216,219,217,213,207,199,192,183,179,174,172,173,181,187,190],"all_points_y":[73,73,72,70,65,52,43,38,38,39,43,48,57,66,71,73,73,73]},"region_attributes":{"objetos":"casco"}}}},"man-sport-bicycle-recreation-cyclist-vehicle-958261-pxhere.com.jpg47877":{"fileref":"","size":47877,"filename":"man-sport-bicycle-recreation-cyclist-vehicle-958261-pxhere.com.jpg","base64_img_data":"","file_attributes":{},"regions":{"0":{"shape_attributes":{"name":"polygon","all_points_x":[146,150,154,159,162,163,161,157,149,144,140,138,136,139,143,146],"all_points_y":[33,32,30,33,33,29,24,20,21,23,27,30,35,37,35,33]},"region_attributes":{"objetos":"casco"}}}},"mobile-nature-mountain-light-sky-technology-568960-pxhere.com.jpg21887":{"fileref":"","size":21887,"filename":"mobile-nature-mountain-light-sky-technology-568960-pxhere.com.jpg","base64_img_data":"","file_attributes":{},"regions":{"0":{"shape_attributes":{"name":"polygon","all_points_x":[117,128,133,134,131,123,115,111,105,101,98,97,99,104,110,113,117],"all_points_y":[125,120,116,105,94,87,82,85,90,95,101,109,116,121,123,125,125]},"region_attributes":{"objetos":"casco"}}}},"mountain-biking-adventure-moab-utah-red-rocks-bike-1372232-pxhere.com.jpg32448":{"fileref":"","size":32448,"filename":"mountain-biking-adventure-moab-utah-red-rocks-bike-1372232-pxhere.com.jpg","base64_img_data":"","file_attributes":{},"regions":{"0":{"shape_attributes":{"name":"polygon","all_points_x":[191,197,199,198,194,190,186,181,177,177,178,183,186,188,191],"all_points_y":[72,72,70,64,61,59,59,63,68,73,74,73,72,73,72]},"region_attributes":{"objetos":"casco"}}}},"nature-cycle-sport-land-vehicle-mountain-biking-bicycle-cross-country-cycling-1434641-pxhere.com.jpg37814":{"fileref":"","size":37814,"filename":"nature-cycle-sport-land-vehicle-mountain-biking-bicycle-cross-country-cycling-1434641-pxhere.com.jpg","base64_img_data":"","file_attributes":{},"regions":{"0":{"shape_attributes":{"name":"polygon","all_points_x":[182,185,185,182,177,174,171,171,173,176,181,182],"all_points_y":[49,48,45,41,39,40,44,47,48,49,50,49]},"region_attributes":{"objetos":"casco"}},"1":{"shape_attributes":{"name":"polygon","all_points_x":[138,137,136,134,134,134,136,138],"all_points_y":[51,49,49,49,51,52,52,51]},"region_attributes":{"objetos":"casco"}}}},"nature-cycle-sport-land-vehicle-mountain-biking-bicycle-cross-country-cycling-1434647-pxhere.com.jpg42790":{"fileref":"","size":42790,"filename":"nature-cycle-sport-land-vehicle-mountain-biking-bicycle-cross-country-cycling-1434647-pxhere.com.jpg","base64_img_data":"","file_attributes":{},"regions":{"0":{"shape_attributes":{"name":"polygon","all_points_x":[161,167,170,172,174,173,169,163,159,156,155,156,159,161],"all_points_y":[33,33,32,30,30,25,23,23,25,28,31,34,34,33]},"region_attributes":{"objetos":"casco"}},"1":{"shape_attributes":{"name":"polygon","all_points_x":[219,222,223,224,223,221,218,216,214,215,218,219],"all_points_y":[24,23,22,19,17,16,17,19,21,23,24,24]},"region_attributes":{"objetos":"casco"}}}},"nature-cycle-sport-land-vehicle-mountain-biking-mountain-bike-bicycle-1434649-pxhere.com.jpg42539":{"fileref":"","size":42539,"filename":"nature-cycle-sport-land-vehicle-mountain-biking-mountain-bike-bicycle-1434649-pxhere.com.jpg","base64_img_data":"","file_attributes":{},"regions":{"0":{"shape_attributes":{"name":"polygon","all_points_x":[63,67,69,72,74,72,68,62,57,55,51,52,56,63],"all_points_y":[109,109,107,108,105,100,98,98,101,105,108,110,111,109]},"region_attributes":{"objetos":"casco"}}}},"nature-cycle-sport-mountain-biking-cross-country-cycling-land-vehicle-mountain-bike-1434643-pxhere.com.jpg38602":{"fileref":"","size":38602,"filename":"nature-cycle-sport-mountain-biking-cross-country-cycling-land-vehicle-mountain-bike-1434643-pxhere.com.jpg","base64_img_data":"","file_attributes":{},"regions":{"0":{"shape_attributes":{"name":"polygon","all_points_x":[174,178,179,179,178,174,167,163,160,159,160,162,167,171,174],"all_points_y":[50,49,47,41,38,35,33,35,38,43,45,45,49,49,50]},"region_attributes":{"objetos":"casco"}},"1":{"shape_attributes":{"name":"polygon","all_points_x":[96,96,93,91,91,92,94,96],"all_points_y":[48,45,44,46,47,49,49,48]},"region_attributes":{"objetos":"casco"}}}},"outdoor-mountain-sport-wheel-bicycle-bike-1201247-pxhere.com.jpg39076":{"fileref":"","size":39076,"filename":"outdoor-mountain-sport-wheel-bicycle-bike-1201247-pxhere.com.jpg","base64_img_data":"","file_attributes":{},"regions":{"0":{"shape_attributes":{"name":"polygon","all_points_x":[17,21,25,29,34,39,38,34,28,22,17,15,14,17],"all_points_y":[68,68,67,66,65,63,60,56,56,56,59,63,67,68]},"region_attributes":{"objetos":"casco"}},"1":{"shape_attributes":{"name":"polygon","all_points_x":[122,132,139,146,148,146,144,140,133,124,120,118,118,122],"all_points_y":[60,58,60,58,55,49,46,43,44,45,49,55,60,60]},"region_attributes":{"objetos":"casco"}},"2":{"shape_attributes":{"name":"polygon","all_points_x":[163,168,172,175,175,173,168,163,159,158,159,163],"all_points_y":[70,71,71,69,67,63,61,61,64,69,70,70]},"region_attributes":{"objetos":"casco"}},"3":{"shape_attributes":{"name":"polygon","all_points_x":[230,232,235,237,238,235,231,227,226,227,229,230],"all_points_y":[74,74,74,73,70,68,68,69,73,75,75,74]},"region_attributes":{"objetos":"casco"}},"4":{"shape_attributes":{"name":"polygon","all_points_x":[264,269,273,275,274,271,267,263,259,258,260,263,264],"all_points_y":[79,78,76,73,69,66,65,67,71,76,78,79,79]},"region_attributes":{"objetos":"casco"}},"5":{"shape_attributes":{"name":"polygon","all_points_x":[307,310,311,309,306,304,303,305,307],"all_points_y":[83,82,80,78,78,80,82,83,83]},"region_attributes":{"objetos":"casco"}},"6":{"shape_attributes":{"name":"polygon","all_points_x":[295,297,297,295,292,292,292,295],"all_points_y":[84,83,81,79,79,82,84,84]},"region_attributes":{"objetos":"casco"}}}},"path-sport-round-adventure-bicycle-summer-696602-pxhere.com.jpg36031":{"fileref":"","size":36031,"filename":"path-sport-round-adventure-bicycle-summer-696602-pxhere.com.jpg","base64_img_data":"","file_attributes":{},"regions":{"0":{"shape_attributes":{"name":"polygon","all_points_x":[153,167,175,181,180,173,163,154,141,134,128,125,124,126,130,134,144,156,155,153],"all_points_y":[40,41,45,45,40,30,23,21,22,28,35,44,52,57,53,46,43,41,41,40]},"region_attributes":{"objetos":"casco"}}}},"People-in-nature-cycling-bicycle-cycle-sport-outdoor-recreation-vehicle-1506865-pxhere.com.jpg18599":{"fileref":"","size":18599,"filename":"People-in-nature-cycling-bicycle-cycle-sport-outdoor-recreation-vehicle-1506865-pxhere.com.jpg","base64_img_data":"","file_attributes":{},"regions":{"0":{"shape_attributes":{"name":"polygon","all_points_x":[119,125,127,127,124,120,114,110,109,109,113,117,119],"all_points_y":[62,64,64,59,54,52,53,56,60,63,63,62,62]},"region_attributes":{"objetos":"casco"}},"1":{"shape_attributes":{"name":"polygon","all_points_x":[144,147,150,150,147,143,139,137,135,136,137,140,143,144],"all_points_y":[91,93,93,90,86,84,84,86,89,93,96,94,91,91]},"region_attributes":{"objetos":"casco"}},"2":{"shape_attributes":{"name":"polygon","all_points_x":[199,202,203,206,208,207,204,197,193,188,185,187,191,193,198,201,201,201,199],"all_points_y":[73,73,75,75,72,66,62,62,63,63,66,69,70,69,69,71,73,73,73]},"region_attributes":{"objetos":"casco"}}}},"person-sport-bicycle-bike-recreation-cyclist-641675-pxhere.com.jpg25409":{"fileref":"","size":25409,"filename":"person-sport-bicycle-bike-recreation-cyclist-641675-pxhere.com.jpg","base64_img_data":"","file_attributes":{},"regions":{"0":{"shape_attributes":{"name":"polygon","all_points_x":[143,149,154,161,162,160,157,150,145,139,136,133,136,140,145,143],"all_points_y":[54,52,49,43,35,32,31,30,33,36,41,47,53,55,53,54]},"region_attributes":{"objetos":"casco"}}}},"road-bicycle-bike-male-recreation-cyclist-720056-pxhere.com.jpg32047":{"fileref":"","size":32047,"filename":"road-bicycle-bike-male-recreation-cyclist-720056-pxhere.com.jpg","base64_img_data":"","file_attributes":{},"regions":{"0":{"shape_attributes":{"name":"polygon","all_points_x":[186,191,195,202,205,209,209,208,207,199,190,185,183,181,182,186],"all_points_y":[47,47,47,44,43,44,39,33,31,30,31,34,39,44,48,47]},"region_attributes":{"objetos":"casco"}}}},"road-bicycle-cyclist-rider-vehicle-training-749573-pxhere.com.jpg52939":{"fileref":"","size":52939,"filename":"road-bicycle-cyclist-rider-vehicle-training-749573-pxhere.com.jpg","base64_img_data":"","file_attributes":{},"regions":{"0":{"shape_attributes":{"name":"polygon","all_points_x":[253,262,270,275,274,270,263,256,247,241,234,227,224,225,228,236,245,253],"all_points_y":[45,44,40,37,27,18,11,9,8,10,14,20,30,39,45,46,47,45]},"region_attributes":{"objetos":"casco"}}}},"road-bicycle-recreation-vehicle-ride-fitness-749587-pxhere.com.jpg29753":{"fileref":"","size":29753,"filename":"road-bicycle-recreation-vehicle-ride-fitness-749587-pxhere.com.jpg","base64_img_data":"","file_attributes":{},"regions":{"0":{"shape_attributes":{"name":"polygon","all_points_x":[158,163,168,172,174,173,169,160,150,143,138,135,132,129,128,129,132,135,140,146,151,156,158],"all_points_y":[76,76,72,66,59,51,43,38,35,34,38,40,43,47,54,59,66,70,72,74,77,77,76]},"region_attributes":{"objetos":"casco"}}}},"road-bicycle-recreation-vehicle-ride-fitness-749590-pxhere.com.jpg17708":{"fileref":"","size":17708,"filename":"road-bicycle-recreation-vehicle-ride-fitness-749590-pxhere.com.jpg","base64_img_data":"","file_attributes":{},"regions":{"0":{"shape_attributes":{"name":"polygon","all_points_x":[180,185,188,187,184,178,171,166,163,161,161,162,166,171,174,179,180],"all_points_y":[73,73,68,60,55,52,51,52,57,61,66,69,71,71,72,73,73]},"region_attributes":{"objetos":"casco"}},"1":{"shape_attributes":{"name":"polygon","all_points_x":[66,71,73,71,67,61,56,50,49,50,55,60,63,68,66],"all_points_y":[44,44,41,35,29,28,28,32,36,40,41,42,44,45,44]},"region_attributes":{"objetos":"casco"}}}},"road-bicycle-recreation-vehicle-ride-fitness-1232142-pxhere.com.jpg30803":{"fileref":"","size":30803,"filename":"road-bicycle-recreation-vehicle-ride-fitness-1232142-pxhere.com.jpg","base64_img_data":"","file_attributes":{},"regions":{"0":{"shape_attributes":{"name":"polygon","all_points_x":[25,30,34,34,31,24,21,17,17,20,23,25],"all_points_y":[64,63,60,54,49,50,53,57,62,64,65,64]},"region_attributes":{"objetos":"casco"}},"1":{"shape_attributes":{"name":"polygon","all_points_x":[90,92,95,96,96,94,91,86,85,83,81,82,85,88,90],"all_points_y":[60,59,60,58,53,49,48,48,49,52,57,59,60,60,60]},"region_attributes":{"objetos":"casco"}},"2":{"shape_attributes":{"name":"polygon","all_points_x":[124,127,131,132,131,127,121,118,117,116,117,120,123,124],"all_points_y":[57,56,55,52,48,45,45,46,51,54,57,58,58,57]},"region_attributes":{"objetos":"casco"}},"3":{"shape_attributes":{"name":"polygon","all_points_x":[173,177,178,177,176,173,171,167,165,164,164,166,170,173],"all_points_y":[59,57,52,49,45,44,43,46,49,52,56,57,59,59]},"region_attributes":{"objetos":"casco"}},"4":{"shape_attributes":{"name":"polygon","all_points_x":[238,241,243,242,240,237,234,232,230,231,234,239,238],"all_points_y":[55,55,53,48,46,45,47,49,51,55,56,55,55]},"region_attributes":{"objetos":"casco"}}}},"road-bicycle-vehicle-ride-extreme-sport-fitness-751308-pxhere.com.jpg21552":{"fileref":"","size":21552,"filename":"road-bicycle-vehicle-ride-extreme-sport-fitness-751308-pxhere.com.jpg","base64_img_data":"","file_attributes":{},"regions":{"0":{"shape_attributes":{"name":"polygon","all_points_x":[54,60,63,63,62,60,55,49,45,43,43,43,46,49,52,55,54],"all_points_y":[45,45,45,40,35,31,30,31,33,36,40,43,43,44,45,46,45]},"region_attributes":{"objetos":"casco"}},"1":{"shape_attributes":{"name":"polygon","all_points_x":[94,99,102,102,101,99,94,90,86,85,84,82,82,82,83,85,87,90,94],"all_points_y":[68,65,61,55,51,48,45,45,46,49,52,56,59,62,65,66,68,68,68]},"region_attributes":{"objetos":"casco"}},"2":{"shape_attributes":{"name":"polygon","all_points_x":[121,124,127,129,128,124,120,116,114,112,111,111,114,117,119,121],"all_points_y":[50,50,48,45,42,38,37,38,41,43,45,47,49,50,50,50]},"region_attributes":{"objetos":"casco"}},"3":{"shape_attributes":{"name":"polygon","all_points_x":[172,177,179,180,180,178,175,170,166,164,162,162,164,167,170,172],"all_points_y":[67,66,66,64,58,55,52,51,52,54,58,61,63,64,65,67]},"region_attributes":{"objetos":"casco"}}}},"road-bicycle-vehicle-ride-fitness-sports-equipment-842457-pxhere.com.jpg66963":{"fileref":"","size":66963,"filename":"road-bicycle-vehicle-ride-fitness-sports-equipment-842457-pxhere.com.jpg","base64_img_data":"","file_attributes":{},"regions":{"0":{"shape_attributes":{"name":"polygon","all_points_x":[118,129,138,137,127,120,110,103,99,95,99,102,106,113,118],"all_points_y":[137,135,124,114,106,104,105,110,116,123,129,132,135,136,137]},"region_attributes":{"objetos":"casco"}},"1":{"shape_attributes":{"name":"polygon","all_points_x":[193,203,209,210,208,203,195,188,182,178,177,177,179,183,188,193],"all_points_y":[149,149,147,138,131,128,126,127,130,135,140,144,146,147,149,149]},"region_attributes":{"objetos":"casco"}},"2":{"shape_attributes":{"name":"polygon","all_points_x":[254,260,267,267,262,260,254,248,244,241,242,245,250,254],"all_points_y":[177,175,171,166,161,159,158,159,163,169,173,176,177,177]},"region_attributes":{"objetos":"casco"}}}},"road-sport-bicycle-male-cyclist-vehicle-911050-pxhere.com.jpg25880":{"fileref":"","size":25880,"filename":"road-sport-bicycle-male-cyclist-vehicle-911050-pxhere.com.jpg","base64_img_data":"","file_attributes":{},"regions":{"0":{"shape_attributes":{"name":"polygon","all_points_x":[155,165,169,178,187,193,188,174,164,157,151,151,152,155],"all_points_y":[54,50,51,47,38,37,33,30,30,33,39,44,51,54]},"region_attributes":{"objetos":"casco"}}}},"sport-bicycle-bike-cyclist-vehicle-cycling-145674-pxhere.com.jpg28906":{"fileref":"","size":28906,"filename":"sport-bicycle-bike-cyclist-vehicle-cycling-145674-pxhere.com.jpg","base64_img_data":"","file_attributes":{},"regions":{"0":{"shape_attributes":{"name":"polygon","all_points_x":[161,169,168,164,157,152,145,141,139,139,140,143,147,153,157,161],"all_points_y":[80,76,69,63,58,56,57,59,65,72,78,79,80,80,80,80]},"region_attributes":{"objetos":"casco"}},"1":{"shape_attributes":{"name":"polygon","all_points_x":[37,42,43,41,37,33,29,27,29,33,37],"all_points_y":[69,67,63,59,58,60,62,65,68,69,69]},"region_attributes":{"objetos":"casco"}}}},"sport-bicycle-bike-military-vehicle-speed-716424-pxhere.com.jpg32359":{"fileref":"","size":32359,"filename":"sport-bicycle-bike-military-vehicle-speed-716424-pxhere.com.jpg","base64_img_data":"","file_attributes":{},"regions":{"0":{"shape_attributes":{"name":"polygon","all_points_x":[90,96,100,100,95,90,80,77,76,76,77,83,86,90],"all_points_y":[61,60,62,57,51,50,51,52,58,61,63,61,61,61]},"region_attributes":{"objetos":"casco"}},"1":{"shape_attributes":{"name":"polygon","all_points_x":[244,252,255,253,251,246,239,233,233,231,231,235,238,241,244],"all_points_y":[63,66,64,58,55,52,52,53,55,58,61,62,62,61,63]},"region_attributes":{"objetos":"casco"}}}},"sport-bicycle-bike-recreation-cyclist-vehicle-1204808-pxhere.com.jpg46882":{"fileref":"","size":46882,"filename":"sport-bicycle-bike-recreation-cyclist-vehicle-1204808-pxhere.com.jpg","base64_img_data":"","file_attributes":{},"regions":{"0":{"shape_attributes":{"name":"polygon","all_points_x":[83,92,98,103,101,93,82,75,71,70,71,75,80,83],"all_points_y":[44,44,45,42,34,27,26,30,34,41,46,48,47,44]},"region_attributes":{"objetos":"casco"}},"1":{"shape_attributes":{"name":"polygon","all_points_x":[191,200,207,210,208,203,195,189,184,180,179,177,179,181,185,191],"all_points_y":[50,47,45,37,31,27,26,27,31,34,39,44,49,52,54,50]},"region_attributes":{"objetos":"casco"}},"2":{"shape_attributes":{"name":"polygon","all_points_x":[256,263,267,270,271,268,263,255,251,248,246,246,248,252,256],"all_points_y":[74,74,73,74,69,63,60,60,62,66,69,73,75,75,74]},"region_attributes":{"objetos":"casco"}}}},"sport-bicycle-bike-recreation-vehicle-sports-equipment-727328-pxhere.com.jpg40556":{"fileref":"","size":40556,"filename":"sport-bicycle-bike-recreation-vehicle-sports-equipment-727328-pxhere.com.jpg","base64_img_data":"","file_attributes":{},"regions":{"0":{"shape_attributes":{"name":"polygon","all_points_x":[266,277,291,300,307,309,312,313,309,303,299,254,250,246,243,237,238,240,245,249,249,253,257,266],"all_points_y":[21,20,25,29,33,34,39,19,8,1,1,0,5,11,19,23,34,39,43,43,37,30,24,21]},"region_attributes":{"objetos":"casco"}},"1":{"shape_attributes":{"name":"polygon","all_points_x":[161,174,184,193,195,189,175,163,151,144,139,136,139,144,148,157,161],"all_points_y":[35,33,33,33,27,6,2,1,5,9,16,25,35,41,41,36,35]},"region_attributes":{"objetos":"casco"}},"2":{"shape_attributes":{"name":"polygon","all_points_x":[106,114,122,128,128,127,121,109,97,90,89,90,93,100,108,106],"all_points_y":[31,30,29,27,20,11,4,4,6,13,20,29,32,32,31,31]},"region_attributes":{"objetos":"casco"}}}},"sport-bicycle-recreation-vehicle-speed-cuba-556785-pxhere.com.jpg34363":{"fileref":"","size":34363,"filename":"sport-bicycle-recreation-vehicle-speed-cuba-556785-pxhere.com.jpg","base64_img_data":"","file_attributes":{},"regions":{"0":{"shape_attributes":{"name":"polygon","all_points_x":[269,281,284,284,273,256,246,238,235,234,236,250,262,269],"all_points_y":[88,85,82,62,50,45,48,54,62,73,79,85,87,88]},"region_attributes":{"objetos":"casco"}},"1":{"shape_attributes":{"name":"polygon","all_points_x":[215,226,232,230,222,213,203,197,194,194,196,202,209,215],"all_points_y":[80,78,71,58,50,47,49,54,60,67,72,76,80,80]},"region_attributes":{"objetos":"casco"}},"2":{"shape_attributes":{"name":"polygon","all_points_x":[216,214,204,197,191,187,185,186,189,192,196,202,206,212,217,216],"all_points_y":[44,37,32,32,34,40,47,54,59,59,55,50,48,48,47,44]},"region_attributes":{"objetos":"casco"}},"3":{"shape_attributes":{"name":"polygon","all_points_x":[152,158,163,163,162,157,152,146,142,138,136,134,136,139,144,148,152],"all_points_y":[84,81,78,71,65,60,58,56,60,64,69,74,79,82,84,85,84]},"region_attributes":{"objetos":"casco"}},"4":{"shape_attributes":{"name":"polygon","all_points_x":[111,116,116,120,124,120,120,116,107,102,99,98,100,104,107,111],"all_points_y":[75,74,74,72,68,59,59,57,56,57,61,68,71,73,75,75]},"region_attributes":{"objetos":"casco"}},"5":{"shape_attributes":{"name":"polygon","all_points_x":[87,94,96,96,92,87,80,76,74,74,81,85,87],"all_points_y":[82,80,76,69,64,63,63,67,72,80,82,83,82]},"region_attributes":{"objetos":"casco"}},"6":{"shape_attributes":{"name":"polygon","all_points_x":[72,75,74,72,68,65,61,60,63,67,69,72],"all_points_y":[80,76,72,69,68,72,75,79,85,85,82,80]},"region_attributes":{"objetos":"casco"}},"7":{"shape_attributes":{"name":"polygon","all_points_x":[52,51,54,58,62,64,66,66,59,55,52],"all_points_y":[69,76,79,79,77,74,70,65,64,66,69]},"region_attributes":{"objetos":"casco"}}}},"sport-bicycle-recreation-vehicle-sports-equipment-cycling-366619-pxhere.com.jpg15831":{"fileref":"","size":15831,"filename":"sport-bicycle-recreation-vehicle-sports-equipment-cycling-366619-pxhere.com.jpg","base64_img_data":"","file_attributes":{},"regions":{"0":{"shape_attributes":{"name":"polygon","all_points_x":[175,180,186,191,197,202,207,204,198,186,175,170,169,171,175],"all_points_y":[26,22,20,17,19,18,9,2,0,2,5,11,18,23,26]},"region_attributes":{"objetos":"casco"}},"1":{"shape_attributes":{"name":"polygon","all_points_x":[162,167,171,173,175,176,171,164,159,157,156,157,160,162],"all_points_y":[25,23,20,16,9,4,6,10,14,18,23,27,27,25]},"region_attributes":{"objetos":"casco"}}}},"sport-bicycle-vehicle-sports-equipment-cycling-2012-244800-pxhere.com.jpg17248":{"fileref":"","size":17248,"filename":"sport-bicycle-vehicle-sports-equipment-cycling-2012-244800-pxhere.com.jpg","base64_img_data":"","file_attributes":{},"regions":{"0":{"shape_attributes":{"name":"polygon","all_points_x":[115,120,125,131,137,142,145,144,143,135,128,122,117,114,115],"all_points_y":[41,43,43,39,40,39,36,30,26,26,25,28,32,37,41]},"region_attributes":{"objetos":"casco"}},"1":{"shape_attributes":{"name":"polygon","all_points_x":[193,196,199,200,203,205,204,202,198,193,188,185,184,185,185,187,189,192,193],"all_points_y":[38,38,35,34,34,33,28,25,24,25,28,31,35,38,41,42,40,39,38]},"region_attributes":{"objetos":"casco"}}}},"sport-boy-bicycle-bike-male-cyclist-952406-pxhere.com.jpg53419":{"fileref":"","size":53419,"filename":"sport-boy-bicycle-bike-male-cyclist-952406-pxhere.com.jpg","base64_img_data":"","file_attributes":{},"regions":{"0":{"shape_attributes":{"name":"polygon","all_points_x":[110,116,122,131,140,147,150,151,148,145,139,133,129,124,120,115,112,107,103,101,98,95,94,95,100,106,110],"all_points_y":[73,74,76,77,75,73,66,56,50,45,43,40,35,37,39,38,39,39,42,45,51,57,64,70,71,72,73]},"region_attributes":{"objetos":"casco"}}}},"sport-round-bicycle-asphalt-recreation-cyclist-560069-pxhere.com.jpg23082":{"fileref":"","size":23082,"filename":"sport-round-bicycle-asphalt-recreation-cyclist-560069-pxhere.com.jpg","base64_img_data":"","file_attributes":{},"regions":{"0":{"shape_attributes":{"name":"polygon","all_points_x":[159,165,168,171,173,175,175,173,169,165,161,157,152,151,150,153,156,159],"all_points_y":[58,56,54,52,51,51,46,42,39,38,40,41,46,51,56,60,60,58]},"region_attributes":{"objetos":"casco"}}}},"sport-round-bicycle-travel-vehicle-cheering-762504-pxhere.com.jpg102666":{"fileref":"","size":102666,"filename":"sport-round-bicycle-travel-vehicle-cheering-762504-pxhere.com.jpg","base64_img_data":"","file_attributes":{},"regions":{"0":{"shape_attributes":{"name":"polygon","all_points_x":[166,176,178,178,177,173,165,156,150,144,138,136,136,136,135,138,143,149,158,166],"all_points_y":[128,125,122,113,108,100,93,91,91,93,96,102,113,113,118,121,124,127,127,128]},"region_attributes":{"objetos":"casco"}}}},"Uber-eats-rider-bike-covid19-coronavirus-Turim-1613609-pxhere.com.jpg60332":{"fileref":"","size":60332,"filename":"Uber-eats-rider-bike-covid19-coronavirus-Turim-1613609-pxhere.com.jpg","base64_img_data":"","file_attributes":{},"regions":{"0":{"shape_attributes":{"name":"polygon","all_points_x":[164,167,171,171,169,166,163,162,162,158,156,156,159,161,164],"all_points_y":[92,92,93,89,86,85,86,86,86,87,89,91,92,92,92]},"region_attributes":{"objetos":"casco"}}}}}